-- phpMyAdmin SQL Dump
-- version 5.2.1
-- https://www.phpmyadmin.net/
--
-- Hôte : 127.0.0.1:3306
-- Généré le : mar. 28 oct. 2025 à 09:46
-- Version du serveur : 9.1.0
-- Version de PHP : 8.3.14

SET SQL_MODE = "NO_AUTO_VALUE_ON_ZERO";
START TRANSACTION;
SET time_zone = "+00:00";


/*!40101 SET @OLD_CHARACTER_SET_CLIENT=@@CHARACTER_SET_CLIENT */;
/*!40101 SET @OLD_CHARACTER_SET_RESULTS=@@CHARACTER_SET_RESULTS */;
/*!40101 SET @OLD_COLLATION_CONNECTION=@@COLLATION_CONNECTION */;
/*!40101 SET NAMES utf8mb4 */;

--
-- Base de données : `swgoh-database-unit`
--

-- --------------------------------------------------------

--
-- Structure de la table `factions`
--

DROP TABLE IF EXISTS `factions`;
CREATE TABLE IF NOT EXISTS `factions` (
  `id` bigint UNSIGNED NOT NULL AUTO_INCREMENT,
  `name` varchar(100) NOT NULL,
  `nom-fr` varchar(100) DEFAULT NULL,
  PRIMARY KEY (`id`),
  UNIQUE KEY `id` (`id`),
  UNIQUE KEY `name` (`name`)
) ENGINE=MyISAM AUTO_INCREMENT=77 DEFAULT CHARSET=utf8mb4 COLLATE=utf8mb4_0900_ai_ci;

--
-- Déchargement des données de la table `factions`
--

INSERT INTO `factions` (`id`, `name`, `nom-fr`) VALUES
(50, 'jedi vanguard', 'avant-garde jedi'),
(49, 'jedi', 'jedi'),
(48, 'jawa', 'jawa'),
(47, 'inquisitorious', 'inquisitorius'),
(46, 'imperial trooper', 'soldat de l\'empire'),
(45, 'imperial remnant', 'vestige de l\'empire'),
(44, 'hutt cartel', 'cartel des hutt'),
(43, 'gungan', 'gungan'),
(42, 'geonosian', 'geonosien'),
(41, 'galactic republic', 'république galactique'),
(40, 'galactic legend', 'légende galactique'),
(39, 'fleet commander', 'commandant de la flotte'),
(38, 'first order', 'premier ordre'),
(37, 'ewok', 'ewok'),
(36, 'empire', 'empire'),
(35, 'droid', 'droide'),
(34, 'clone trooper', 'soldat clone'),
(33, 'bounty hunter', 'chasseur de primes'),
(32, 'bad batch', 'bad batch'),
(31, '501st', '501E'),
(51, 'leader', 'chef'),
(52, 'mandalorian', 'mandalorien'),
(53, 'mercenary', 'mercenaire'),
(54, 'nightsister', 'sœurs de la nuit'),
(55, 'old republic', 'ancienne republique'),
(56, 'phoenix', 'phoenix'),
(57, 'pirate', 'pirate'),
(58, 'rebel', 'rebelle'),
(59, 'rebel fighter', 'combattant rebelle'),
(60, 'resistance', 'resistance'),
(61, 'rogue one', 'rogue one'),
(62, 'scoundrel', 'vaurien'),
(63, 'separatist', 'separatiste'),
(64, 'sith', 'sith'),
(65, 'sith empire', 'empire sith'),
(66, 'smuggler', 'contrebandier'),
(67, 'spectre', 'spectre'),
(68, 'tusken', 'tusken'),
(69, 'unaligned force user', 'utilisateur de la force non aligné'),
(70, 'wookie', 'wookie'),
(76, 'crew member', 'membre de l\'équipage');

-- --------------------------------------------------------

--
-- Structure de la table `units`
--

DROP TABLE IF EXISTS `units`;
CREATE TABLE IF NOT EXISTS `units` (
  `id` varchar(100) NOT NULL,
  `name-en` varchar(150) NOT NULL,
  `nom-fr` varchar(150) NOT NULL,
  `role` varchar(50) DEFAULT NULL,
  `role-fr` varchar(50) DEFAULT NULL,
  `alignment` varchar(20) DEFAULT NULL,
  `alignment-fr` varchar(20) DEFAULT NULL,
  `page` text,
  `image` text,
  PRIMARY KEY (`id`)
) ENGINE=MyISAM DEFAULT CHARSET=utf8mb4 COLLATE=utf8mb4_0900_ai_ci;

--
-- Déchargement des données de la table `units`
--

INSERT INTO `units` (`id`, `name-en`, `nom-fr`, `role`, `role-fr`, `alignment`, `alignment-fr`, `page`, `image`) VALUES
('barriss offee', 'barriss offee', 'barriss offee', 'healer', 'soigneur', 'lightside', 'côté lumineux', 'https://e-rimbault.github.io/swgoh-kit/html/barriss.html', 'https://e-rimbault.github.io/swgoh-kit/image-perso/barriss/barris_image.png'),
('bt-1', 'bt-1', 'bt-1', 'attacker', 'attaquant', 'darkside', 'côté obscur', 'https://e-rimbault.github.io/swgoh-kit/html/bt_1.html', 'https://e-rimbault.github.io/swgoh-kit/image-perso/bt-1/bt1-image.png'),
('bb-8', 'bb-8', 'bb-8', 'support', 'soutien', 'lightside', 'côté lumineux', 'https://e-rimbault.github.io/swgoh-kit/html/bb-8.html', 'https://e-rimbault.github.io/swgoh-kit/image-perso/bb-8/bb-8-image.png'),
('b1 battle droid', 'b1 battle droid', 'droïde de combat b1', 'attacker', 'attaquant', 'darkside', 'côté obscur', '', ''),
('b2 super battle droid', 'b2 super battle droid', 'super droïde de combat b2', 'tank', 'tank', 'darkside', 'côté obscur', '', ''),
('aurra sing', 'aurra sing', 'aurra sing', 'attacker', 'attaquant', 'darkside', 'côté obscur', '', ''),
('asajj ventress', 'asajj ventress', 'asajj ventress', 'support', 'soutien', 'darkside', 'côté obscur', '', ''),
('amilyn holdo', 'amilyn holdo', 'amilyn holdo', 'tank', 'tank', 'lightside', 'côté lumineux', '', ''),
('ahsoka tano (snips)', 'ahsoka tano (snips)', 'ahsoka tano (chipie)', 'attacker', 'attaquant', 'lightside', 'côté lumineux', 'https://e-rimbault.github.io/swgoh-kit/html/ahsoka_tano.html', 'https://e-rimbault.github.io/swgoh-kit/image-perso/ahsoka-tano/Ahsoka-image.png'),
('ahsoka tano (fulcrum)', 'ahsoka tano (fulcrum)', 'ahsoka tano (fulcrum)', 'attacker', 'attaquant', 'lightside', 'côté lumineux', 'https://e-rimbault.github.io/swgoh-kit/html/fulcrum.html', 'https://e-rimbault.github.io/swgoh-kit/image-perso/fulcrum/fulcrum-image.png'),
('padawan sabine wren', 'padawan sabine wren', 'padawan sabine wren', 'attacker', 'attaquant', 'lightside', 'côté lumineux', 'https://e-rimbault.github.io/swgoh-kit/html/padawan-sabine.html', 'https://e-rimbault.github.io/swgoh-kit/image-perso/padawin/sabine-image.png'),
('ahsoka tano', 'ahsoka tano', 'ahsoka tano', 'tank', 'tank', 'lightside', 'côté lumineux', '', ''),
('sabine wren', 'sabine wren', 'sabine wren', 'attacker', 'attaquant', 'lightside', 'côté lumineux', 'https://e-rimbault.github.io/swgoh-kit/html/sabine_wren.html', 'https://e-rimbault.github.io/swgoh-kit/image-perso/sabine-wren/sabine-image.png'),
('admiral ackbar', 'admiral ackbar', 'amiral ackbar', 'support', 'soutien', 'lightside', 'côté lumineux', '', ''),
('admiral raddus', 'admiral raddus', 'amiral raddus', 'support', 'soutien', 'lightside', 'côté lumineux', '', ''),
('admiral trench', 'admiral trench', 'amiral trench', 'support', 'soutien', 'darkside', 'côté obscur', '', ''),
('admiral piett', 'admiral piett', 'amiral piett', 'support', 'soutien', 'darkside', 'côté obscur', 'https://e-rimbault.github.io/swgoh-kit/html/piett.html', 'https://e-rimbault.github.io/swgoh-kit/image-perso/piett/piett-image.png'),
('aayla secura', 'aayla secura', 'aayla secura', 'support', 'soutien', 'lightside', 'côté lumineux', 'https://e-rimbault.github.io/swgoh-kit/html/aayla.html', 'https://e-rimbault.github.io/swgoh-kit/image-perso/aayla/aayla_image.png'),
('50r-t', '50r-t', '50r-t', 'support', 'soutien', 'lightside', 'côté lumineux', 'https://e-rimbault.github.io/swgoh-kit/html/50r-t.html', 'https://e-rimbault.github.io/swgoh-kit/image-perso/50-rt/50-image.png'),
('0-0-0', '0-0-0', '0-0-0', 'support', 'Soutien', 'darkside', 'côté obscur', 'https://e-rimbault.github.io/swgoh-kit/html/0_0_0.html', 'https://e-rimbault.github.io/swgoh-kit/image-perso/0-0-0/0-0-0-image.png'),
('arc trooper', 'ARC trooper', 'soldat CRA', 'attacker', 'attaquant', 'lightside', 'côté lumineux', 'https://e-rimbault.github.io/swgoh-kit/html/arc_trooper.html', 'https://e-rimbault.github.io/swgoh-kit/image-perso/arc-trooper/arc-image.png'),
('bastila shan', 'bastila shan', 'bastila shan', 'support', 'soutien', 'lightside', 'côté lumineux', 'https://e-rimbault.github.io/swgoh-kit/html/bastila_shan.html', 'https://e-rimbault.github.io/swgoh-kit/image-perso/bastila-shan/bastila-image.png'),
('bastila shan (fallen)', 'bastila shan (fallen)', 'bastila shan (dechue)', 'support', 'soutien', 'darkside', 'côté obscur', 'https://e-rimbault.github.io/swgoh-kit/html/bastila_fallen.html', 'https://e-rimbault.github.io/swgoh-kit/image-perso/bsf/bastila-image.png'),
('batcher', 'batcher', 'batcher', 'attacker', 'attaquant', 'lightside', 'côté lumineux', '', ''),
('baylan skoll', 'baylan skoll', 'baylan skoll', 'tank', 'tank', 'darkside', 'côté obscur', '', ''),
('baze malbus', 'baze malbus', 'baze malbus', 'tank', 'tank', 'lightside', 'côté lumineux', '', ''),
('ben solo', 'ben solo', 'ben solo', 'attacker', 'attaquant', 'lightside', 'côté lumineux', 'https://e-rimbault.github.io/swgoh-kit/html/ben_solo.html', 'https://e-rimbault.github.io/swgoh-kit/image-perso/ben-solo/ben-solo-image.png'),
('biggs darklighter', 'biggs darklighter', 'biggs darklighter', 'support', 'soutien', 'lightside', 'côté lumineux', '', ''),
('bo-katan (mand\'alor)', 'bo-katan (mand\'alor)', 'bo-katan (mand\'alor)', 'attacker', 'attaquant', 'lightside', 'côté lumineux', 'https://e-rimbault.github.io/swgoh-kit/html/bo_katan(mandalore).html', 'https://e-rimbault.github.io/swgoh-kit/image-perso/bo-mandalore/bo-katan-image.png'),
('bo-katan kryze', 'bo-katan kryze', 'bo-katan kryze', 'attacker', 'attaquant', 'lightside', 'côté lumineux', 'https://e-rimbault.github.io/swgoh-kit/html/bo_katan.html', 'https://e-rimbault.github.io/swgoh-kit/image-perso/bo-katan/bo-katan-image.png'),
('boba fett', 'boba fett', 'boba fett', 'attacker', 'attaquant', 'darkside', 'côté obscur', 'https://e-rimbault.github.io/swgoh-kit/html/boba.html', 'https://e-rimbault.github.io/swgoh-kit/image-perso/boba-fett/boba-image.png'),
('boba fett, scion of jango', 'boba fett, scion of jango', 'boba fett, héritier de jango', 'attacker', 'attaquant', 'darkside', 'côté obscur', 'https://e-rimbault.github.io/swgoh-kit/html/Boba_son_of_jango.html', 'https://e-rimbault.github.io/swgoh-kit/image-perso/boba-scion-jango/boba-image.png'),
('bodhi rook', 'bodhi rook', 'bodhi rook', 'support', 'soutien', 'lightside', 'côté lumineux', '', ''),
('boss nass', 'boss nass', 'boss nass', 'support', 'soutien', 'lightside', 'côté lumineux', '', ''),
('bossk', 'bossk', 'bossk', 'tank', 'tank', 'darkside', 'côté obscur', '', ''),
('boushh (leia organa)', 'boushh (leia organa)', 'boushh (leia organa)', 'attacker', 'attaquant', 'lightside', 'côté lumineux', '', ''),
('brutus', 'brutus', 'brutus', 'attacker', 'attaquant', 'darkside', 'côté obscur', '', ''),
('c-3po', 'c-3po', 'c-3po', 'support', 'soutien', 'lightside', 'côté lumineux', '', ''),
('cc-1119 \'appo\'', 'cc-1119 \'appo\'', 'cc-1119 \'appo\'', 'attacker', 'attaquant', 'darkside', 'côté obscur', '', ''),
('cc-2224 \'cody\'', 'cc-2224 \'cody\'', 'cc-2224 \'cody\'', 'attacker', 'attaquant', 'lightside', 'côté lumineux', 'https://e-rimbault.github.io/swgoh-kit/html/cody.html', 'https://e-rimbault.github.io/swgoh-kit/image-perso/cody/cody-image.png'),
('ct-21-0408 \'echo\'', 'ct-21-0408 \'echo\'', 'ct-21-0408 \'echo\'', 'support', 'soutien', 'lightside', 'côté lumineux', 'https://e-rimbault.github.io/swgoh-kit/html/ct-21_0408_echo.html', 'https://e-rimbault.github.io/swgoh-kit/image-perso/echo-501/echo-image.png'),
('ct-5555 \'fives\'', 'ct-5555 \'fives\'', 'ct-5555 \'cinqs\'', 'tank', 'tank', 'lightside', 'côté lumineux', 'https://e-rimbault.github.io/swgoh-kit/html/fives.html', 'https://e-rimbault.github.io/swgoh-kit/image-perso/fives/fives-image.png'),
('ct-7567 \'rex\'', 'ct-7567 \'rex\'', 'ct-7567 \'rex\'', 'support', 'soutien', 'lightside', 'côté lumineux', 'https://e-rimbault.github.io/swgoh-kit/html/rex.html', 'https://e-rimbault.github.io/swgoh-kit/image-perso/rex/rex-image.png'),
('cx-2', 'cx-2', 'cx-2', 'support', 'soutien', 'darkside', 'côté obscur', '', ''),
('cad bane', 'cad bane', 'cad bane', 'support', 'soutien', 'darkside', 'côté obscur', '', ''),
('cal kestis', 'cal kestis', 'cal kestis', 'support', 'soutien', 'lightside', 'côté lumineux', 'https://e-rimbault.github.io/swgoh-kit/html/cal_kestis.html', 'https://e-rimbault.github.io/swgoh-kit/image-perso/cal-kestis/cal-image.png'),
('canderous ordo', 'canderous ordo', 'canderous ordo', 'attacker', 'attaquant', 'darkside', 'Côté Obscur', 'https://e-rimbault.github.io/swgoh-kit/html/canderous.html', 'https://e-rimbault.github.io/swgoh-kit/image-perso/canderous/canderous.png'),
('captain drogan', 'captain drogan', 'capitaine drogan', 'attacker', 'attaquant', 'lightside', 'côté lumineux', '', ''),
('captain enoch', 'captain enoch', 'capitaine enoch', 'support', 'soutien', 'darkside', 'côté obscur', '', ''),
('captain han solo', 'captain han solo', 'capitaine han solo', 'support', 'soutien', 'lightside', 'côté lumineux', '', ''),
('captain ithano', 'captain ithano', 'capitaine ithano', 'attacker', 'attaquant', 'darkside', 'côté obscur', '', ''),
('captain phasma', 'captain phasma', 'capitaine phasma', 'support', 'soutien', 'darkside', 'côté obscur', '', ''),
('captain rex', 'captain rex', 'capitaine rex', 'support', 'soutien', 'lightside', 'côté lumineux', 'https://e-rimbault.github.io/swgoh-kit/html/Captain_Rex.html', 'https://e-rimbault.github.io/swgoh-kit/image-perso/c-rex/Captain-Rex-image.png'),
('captain silvo', 'captain silvo', 'capitaine silvo', 'support', 'soutien', 'darkside', 'côté obscur', '', ''),
('captain tarpals', 'captain tarpals', 'capitaine tarpals', 'attacker', 'attaquant', 'lightside', 'côté lumineux', '', ''),
('cara dune', 'cara dune', 'cara dune', 'tank', 'tank', 'lightside', 'côté lumineux', '', ''),
('carth onasi', 'carth onasi', 'carth onasi', 'attacker', 'attaquant', 'lightside', 'côté lumineux', 'https://e-rimbault.github.io/swgoh-kit/html/carth_onasi.html', 'https://e-rimbault.github.io/swgoh-kit/image-perso/carth_onasi/carth-image.png'),
('cassian andor', 'cassian andor', 'cassian andor', 'support', 'soutien', 'lightside', 'côté lumineux', '', ''),
('cere junda', 'cere junda', 'cere junda', 'support', 'soutien', 'lightside', 'côté lumineux', '', ''),
('chewbacca', 'chewbacca', 'chewbacca', 'attacker', 'attaquant', 'lightside', 'côté lumineux', 'https://e-rimbault.github.io/swgoh-kit/html/chewbacca.html', 'https://e-rimbault.github.io/swgoh-kit/image-perso/chewbacca/chewie-image.png'),
('chief chirpa', 'chief chirpa', 'chef chirpa', 'support', 'soutien', 'lightside', 'côté lumineux', '', ''),
('chief nebit', 'chief nebit', 'chef nebit', 'tank', 'tank', 'lightside', 'côté lumineux', 'https://e-rimbault.github.io/swgoh-kit/html/chef-nebit.html', 'https://e-rimbault.github.io/swgoh-kit/image-perso/nebit/nebit-image.png'),
('chirrut Îmwe', 'chirrut Îmwe', 'chirrut Îmwe', 'support', 'soutien', 'lightside', 'côté lumineux', '', ''),
('chopper', 'chopper', 'chopper', 'support', 'soutien', 'lightside', 'côté lumineux', 'https://e-rimbault.github.io/swgoh-kit/html/chopper.html', 'https://e-rimbault.github.io/swgoh-kit/image-perso/chopper/chopper.png'),
('clone sergent-phase 1', 'clone sergent-phase 1', 'sergent clone - phase 1', 'attacker', 'attaquant', 'lightside', 'côté lumineux', 'https://e-rimbault.github.io/swgoh-kit/html/sergent-p1.html', 'https://e-rimbault.github.io/swgoh-kit/image-perso/sergent/sergeant-image.png'),
('clone wars chewbacca', 'clone wars chewbacca', 'chewbacca guerre des clones', 'tank', 'tank', 'lightside', 'côté lumineux', '', ''),
('colonel starck', 'colonel starck', 'colonel starck', 'support', 'soutien', 'darkside', 'côté obscur', '', ''),
('commander ahsoka tano', 'commander ahsoka tano', 'commandante ahsoka tano', 'attacker', 'attaquant', 'lightside', 'Côté Lumineux', 'https://e-rimbault.github.io/swgoh-kit/html/cat.html', 'https://e-rimbault.github.io/swgoh-kit/image-perso/cat/cat-image.png'),
('commander luke skywalker', 'commander luke skywalker', 'commandant luke skywalker', 'attacker', 'attaquant', 'lightside', 'côté lumineux', 'https://e-rimbault.github.io/swgoh-kit/html/cls.html', 'https://e-rimbault.github.io/swgoh-kit/image-perso/cls/cls-image.png'),
('coruscant underworld police', 'coruscant underworld police', 'police de la pègre de coruscant', 'support', 'soutien', 'lightside', 'côté lumineux', 'https://e-rimbault.github.io/swgoh-kit/html/cup.html', 'https://e-rimbault.github.io/swgoh-kit/image-perso/cup/cup-image.png'),
('count dooku', 'count dooku', 'comte dooku', 'attacker', 'attaquant', 'darkside', 'côté obscur', 'https://e-rimbault.github.io/swgoh-kit/html/dooku.html', 'https://e-rimbault.github.io/swgoh-kit/image-perso/dooku/dooku-image.png'),
('crosshair (scarred)', 'crosshair (scarred)', 'crosshair (cicatrice)', 'attacker', 'attaquant', 'lightside', 'côté lumineux', '', ''),
('dark trooper', 'dark trooper', 'dark trooper', 'attacker', 'attaquant', 'darkside', 'côté obscur', 'https://e-rimbault.github.io/swgoh-kit/html/dark_trooper.html', 'https://e-rimbault.github.io/swgoh-kit/image-perso/dark-trooper/dark-tropper-image.png'),
('dark trooper moff gideon', 'dark trooper moff gideon', 'moff gideon dark trooper', 'tank', 'tank', 'darkside', 'côté obscur', 'https://e-rimbault.github.io/swgoh-kit/html/dtmg.html', 'https://e-rimbault.github.io/swgoh-kit/image-perso/dtmg/dtmg-image.png'),
('darth bane', 'darth bane', 'dark bane', 'attacker', 'attaquant', 'darkside', 'côté obscur', 'https://e-rimbault.github.io/swgoh-kit/html/bane.html', 'https://e-rimbault.github.io/swgoh-kit/image-perso/darth_bane/bane-image.png'),
('darth malak', 'darth malak', 'dark malak', 'tank', 'tank', 'darkside', 'côté obscur', 'https://e-rimbault.github.io/swgoh-kit/html/dark_malak.html', 'https://e-rimbault.github.io/swgoh-kit/image-perso/malak/malak-image.png'),
('darth malgus', 'darth malgus', 'dark malgus', 'tank', 'tank', 'darkside', 'côté obscur', 'https://e-rimbault.github.io/swgoh-kit/html/dark_malgus.html', 'https://e-rimbault.github.io/swgoh-kit/image-perso/malgus/malgus-image.png'),
('darth maul', 'darth maul', 'dark maul', 'attacker', 'attaquant', 'darkside', 'côté obscur', '', ''),
('darth nihilus', 'darth nihilus', 'dark nihilus', 'support', 'soutien', 'darkside', 'côté obscur', 'https://e-rimbault.github.io/swgoh-kit/html/nihilus.html', 'https://e-rimbault.github.io/swgoh-kit/image-perso/nihilus/nihilus-image.png'),
('darth revan', 'darth revan', 'dark revan', 'attacker', 'attaquant', 'darkside', 'côté obscur', 'https://e-rimbault.github.io/swgoh-kit/html/dark_revan.html', 'https://e-rimbault.github.io/swgoh-kit/image-perso/dark-revan/dr-image.png'),
('darth sidious', 'darth sidious', 'dark sidious', 'attacker', 'attaquant', 'darkside', 'côté obscur', '', ''),
('darth sion', 'darth sion', 'dark sion', 'tank', 'tank', 'darkside', 'côté obscur', '', ''),
('darth talon', 'darth talon', 'dark talon', 'attacker', 'attaquant', 'darkside', 'côté obscur', 'https://e-rimbault.github.io/swgoh-kit/html/talon.html', 'https://e-rimbault.github.io/swgoh-kit/image-perso/talon/talon-image.png'),
('darth traya', 'darth traya', 'dark traya', 'support', 'soutien', 'darkside', 'côté obscur', '', ''),
('darth vader', 'darth vader', 'dark vador', 'attacker', 'attaquant', 'darkside', 'côté obscur', 'https://e-rimbault.github.io/swgoh-kit/html/dark_vador.html', 'https://e-rimbault.github.io/swgoh-kit/image-perso/dark-vador/vader-image.png'),
('dash rendar', 'dash rendar', 'dash rendar', 'support', 'soutien', 'lightside', 'côté lumineux', 'https://e-rimbault.github.io/swgoh-kit/html/dash.html', 'https://e-rimbault.github.io/swgoh-kit/image-perso/dash/dash-image.png'),
('datcha', 'dathcha', 'dathcha', 'support', 'soutien', 'lightside', 'côté lumineux', '', ''),
('death trooper', 'death trooper', 'death trooper', 'attacker', 'attaquant', 'darkside', 'côté obscur', '', ''),
('death trooper (peridea)', 'death trooper (peridea)', 'death trooper (peridea)', 'attacker', 'attaquant', 'darkside', 'côté obscur', '', ''),
('dengar', 'dengar', 'dengar', 'attacker', 'attaquant', 'darkside', 'côté obscur', '', ''),
('depa billaba', 'depa billaba', 'depa billaba', 'attacker', 'attaquant', 'lightside', 'côté lumineux', '', ''),
('director krennic', 'director krennic', 'directeur krennic', 'support', 'soutien', 'darkside', 'côté obscur', '', ''),
('disguised clone trooper', 'disguised clone trooper', 'soldat clone déguisé', 'support', 'soutien', 'darkside', 'côté obscur', '', ''),
('doctor aphra', 'doctor aphra', 'docteur aphra', 'support', 'soutien', 'darkside', 'côté obscur', '', ''),
('droideka', 'droideka', 'droideka', 'attacker', 'attaquant', 'darkside', 'côté obscur', '', ''),
('echo', 'echo', 'echo', 'support', 'soutien', 'lightside', 'côté lumineux', 'https://e-rimbault.github.io/swgoh-kit/html/echo.html', 'https://e-rimbault.github.io/swgoh-kit/image-perso/echo/echo-image.png'),
('eeth koth', 'eeth koth', 'eeth koth', 'support', 'soutien', 'lightside', 'côté lumineux', 'https://e-rimbault.github.io/swgoh-kit/html/eeth-koth.html', 'https://e-rimbault.github.io/swgoh-kit/image-perso/eeth-koth/koth-image.png'),
('eighth brother', 'eighth brother', 'huitième frère', 'attacker', 'attaquant', 'darkside', 'côté obscur', 'https://e-rimbault.github.io/swgoh-kit/html/huiti%C3%A8me_fr%C3%A8re.html', 'https://e-rimbault.github.io/swgoh-kit/image-perso/8th-brother/huit-image.png'),
('embo', 'embo', 'embo', 'tank', 'tank', 'darkside', 'côté obscur', '', ''),
('emperor palpatine', 'emperor palpatine', 'empereur palpatine', 'support', 'soutien', 'darkside', 'côté obscur', 'https://e-rimbault.github.io/swgoh-kit/html/empereur_palpatine.html', 'https://e-rimbault.github.io/swgoh-kit/image-perso/emperor-palpatine/palpatine-image.png'),
('enfys nest', 'enfys nest', 'enfys nest', 'attacker', 'attaquant', 'lightside', 'côté lumineux', '', ''),
('ewok elder', 'ewok elder', 'ancien ewok', 'healer', 'soigneur', 'lightside', 'côté lumineux', '', ''),
('ewok scout', 'ewok scout', 'éclaireur ewok', 'attacker', 'attaquant', 'lightside', 'côté lumineux', '', ''),
('ezra bridger', 'ezra bridger', 'ezra bridger', 'attacker', 'attaquant', 'lightside', 'côté lumineux', 'https://e-rimbault.github.io/swgoh-kit/html/ezra.html', 'https://e-rimbault.github.io/swgoh-kit/image-perso/ezra/ezra-image.png'),
('ezra bridger (exile)', 'ezra bridger (exile)', 'ezra bridger (exilé)', 'support', 'soutien', 'lightside', 'côté lumineux', '', ''),
('fennec shand', 'fennec shand', 'fennec shand', 'attacker', 'attaquant', 'darkside', 'côté obscur', 'https://e-rimbault.github.io/swgoh-kit/html/fennec.html', 'https://e-rimbault.github.io/swgoh-kit/image-perso/fennec/fennec.png'),
('fifth brother', 'fifth brother', 'cinquième frère', 'support', 'soutien', 'darkside', 'côté obscur', 'https://e-rimbault.github.io/swgoh-kit/html/cinquime_fr%C3%A8re.html', 'https://e-rimbault.github.io/swgoh-kit/image-perso/5th-brother/5th-brother-image.png'),
('finn', 'finn', 'finn', 'tank', 'tank', 'lightside', 'côté lumineux', '', ''),
('first order executioner', 'first order executioner', 'éxécuteur du premier ordre', 'attacker', 'attaquant', 'darkside', 'côté obscur', '', ''),
('first order officer', 'first order officer', 'officier du premier ordre', 'support', 'soutien', 'darkside', 'côté obscur', '', ''),
('first order sf tie pilot', 'first order sf tie pilot', 'pilote de tie/s du premier ordre', 'attacker', 'attaquant', 'darkside', 'côté obscur', '', ''),
('first order stormtrooper', 'first order stormtrooper', 'stormtrooper du premier ordre', 'tank', 'tank', 'darkside', 'côté obscur', '', ''),
('first order tie pilot', 'first order tie pilot', 'pilote de chasseur TIE du Premier Ordre', 'attacker', 'attaquant', 'darkside', 'côté obscur', '', ''),
('gamorran guard', 'gamorran guard', 'garde gamorréen', 'tank', 'tank', 'darkside', 'côté obscur', '', ''),
('gar saxon', 'gar saxon', 'gar saxon', 'tank', 'tank', 'darkside', 'côté obscur', 'https://e-rimbault.github.io/swgoh-kit/html/gar_saxon.html', 'https://e-rimbault.github.io/swgoh-kit/image-perso/gar-saxon/saxon-image.png'),
('garazeb \'zeb\' orrelios', 'garazeb \'zeb\' orrelios', 'garazeb \'zeb\' orrelios', 'tank', 'tank', 'lightside', 'côté lumineux', 'https://e-rimbault.github.io/swgoh-kit/html/zeb.html', 'https://e-rimbault.github.io/swgoh-kit/image-perso/zeb/zeb-image.png'),
('general grievous', 'general grievous', 'général grievous', 'attacker', 'attaquant', 'darkside', 'côté obscur', 'https://e-rimbault.github.io/swgoh-kit/html/grievous.html', 'https://e-rimbault.github.io/swgoh-kit/image-perso/grievous/grievous-image.png'),
('general hux', 'general hux', 'général hux', 'support', 'soutien', 'darkside', 'côté obscur', '', ''),
('general kenobi', 'general kenobi', 'général kenobi', 'tank', 'tank', 'lightside', 'côté lumineux', 'https://e-rimbault.github.io/swgoh-kit/html/general-kenobi.html', 'https://e-rimbault.github.io/swgoh-kit/image-perso/general-kenobi/kenobi-image.png'),
('general skywalker', 'general skywalker', 'général skywalker', 'attacker', 'attaquant', 'lightside', 'côté lumineux', 'https://e-rimbault.github.io/swgoh-kit/html/general_skywalker.html', 'https://e-rimbault.github.io/swgoh-kit/image-perso/gas/gas-image.png'),
('general syndulla', 'general syndulla', 'général syndulla', 'support', 'soutien', 'lightside', 'côté lumineux', '', ''),
('general veers', 'general veers', 'général veers', 'support', 'soutien', 'darkside', 'côté obscur', '', ''),
('geonosian brood alpha', 'geonosian brood alpha', 'alpha géonosien', 'support', 'soutien', 'darkside', 'côté obscur', 'https://e-rimbault.github.io/swgoh-kit/html/alpha_geo.html', 'https://e-rimbault.github.io/swgoh-kit/image-perso/alpha-geo/alpha-image.png'),
('geonosian soldier', 'geonosian soldier', 'soldat géonosien', 'attacker', 'attaquant', 'darkside', 'côté obscur', '', ''),
('geonosian spy', 'geonosian spy', 'espion géonosien', 'attacker', 'attaquant', 'darkside', 'côté obscur', '', ''),
('grand admiral thrawn', 'grand admiral thrawn', 'grand amiral thrawn', 'support', 'soutien', 'darkside', 'côté obscur', '', ''),
('grand inquisitor', 'grand inquisitor', 'grand inquisiteur', 'attacker', 'attaquant', 'darkside', 'côté obscur', 'https://e-rimbault.github.io/swgoh-kit/html/grand_inquisiteur.html', 'https://e-rimbault.github.io/swgoh-kit/image-perso/gi/grand-inquisitor-image.png'),
('grand master yoda', 'grand master yoda', 'grand maître yoda', 'support', 'soutien', 'lightside', 'côté lumineux', '', ''),
('grand moff tarkin', 'grand moff tarkin', 'grand moff tarkin', 'support', 'soutien', 'darkside', 'côté obscur', '', ''),
('great mothers', 'great mothers', 'grandes matriarches', 'support', 'soutien', 'darkside', 'côté obscur', '', ''),
('greedo', 'greedo', 'greedo', 'attacker', 'attaquant', 'darkside', 'côté obscur', '', ''),
('greef karga', 'greef karga', 'greef karga', 'support', 'soutien', 'lightside', 'côté lumineux', '', ''),
('gungan boomadler', 'gungan boomadler', 'bombardier gungan', 'attacker', 'attaquant', 'lightside', 'côté lumineux', '', ''),
('gungan phalanx', 'gungan phalanx', 'phalange gungan', 'tank', 'tank', 'lightside', 'côté lumineux', '', ''),
('hk-47', 'hk-47', 'hk-47', 'attacker', 'attaquant', 'darkside', 'côté obscur', 'https://e-rimbault.github.io/swgoh-kit/image-perso/hk-47/hk-image.png', 'https://e-rimbault.github.io/swgoh-kit/image-perso/hk-47/hk-image.png'),
('han solo', 'han solo', 'han solo', 'attacker', 'attaquant', 'lightside', 'côté lumineux', '', ''),
('hera syndulla', 'hera syndulla', 'hera syndulla', 'support', 'soutien', 'lightside', 'côté lumineux', 'https://e-rimbault.github.io/swgoh-kit/html/hera_syndulla.html', 'https://e-rimbault.github.io/swgoh-kit/image-perso/hera-syndulla/hera-image.png'),
('hermit yoda', 'hermit yoda', 'yoda ermite', 'support', 'soutien', 'lightside', 'côté lumineux', '', ''),
('hondo ohnaka', 'hondo ohnaka', 'hondo ohnaka', 'support', 'soutien', 'neutral', 'neutre', '', ''),
('hoth rebel scout', 'hoth rebel scout', 'éclaireur rebelle de hoth', 'attacker', 'attaquant', 'lightside', 'côté lumineux', 'https://e-rimbault.github.io/swgoh-kit/html/hoth-scout.html', 'https://e-rimbault.github.io/swgoh-kit/image-perso/hoth-scout/scout-image.png'),
('hoth rebel soldier', 'hoth rebel soldier', 'soldat rebelle de hoth', 'support', 'soutien', 'lightside', 'côté lumineux', '', ''),
('hunter', 'hunter', 'hunter', 'attacker', 'attaquant', 'lightside', 'côté lumineux', 'https://e-rimbault.github.io/swgoh-kit/html/hunter.html', 'https://e-rimbault.github.io/swgoh-kit/image-perso/hunter/hunter-image.png'),
('hunter (mercenary)', 'hunter (mercenary)', 'hunter (mercenaire)', 'support', 'soutien', 'lightside', 'côté lumineux', '', ''),
('huyang', 'huyang', 'huyang', 'support', 'soutien', 'lightside', 'côté lumineux', '', ''),
('ig-100 magnaguard', 'ig-100 magnaguard', 'magnagarde ig-100', 'tank', 'tank', 'darkside', 'côté obscur', '', ''),
('ig-11', 'ig-11', 'ig-11', 'healer', 'soigneur', 'lightside', 'côté lumineux', '', ''),
('ig-12 & grogu', 'ig-12 & grogu', 'ig-12 et grogu', 'healer', 'soigneur', 'lightside', 'côté lumineux', 'https://e-rimbault.github.io/swgoh-kit/html/IG12_&_Grogu.HTML', 'https://e-rimbault.github.io/swgoh-kit/image-perso/ig-12-et-grogu/IG12-grogu-image.png'),
('ig-86 sentinel droid', 'ig-86 sentinel droid', 'droïde sentinelle ig-86', 'attacker', 'attaquant', 'darkside', 'côté obscur', '', ''),
('ig-88', 'ig-88', 'ig-88', 'attacker', 'attaquant', 'darkside', 'côté obscur', '', ''),
('iden versio', 'iden versio', 'iden versio', 'attacker', 'attaquant', 'darkside', 'côté obscur', 'https://e-rimbault.github.io/swgoh-kit/html/iden_versio.html', 'https://e-rimbault.github.io/swgoh-kit/image-perso/iden/iden-image.png'),
('ima-dun di', 'ima-dun di', 'ima-dun di', 'support', 'soutien', 'lightside', 'côté lumineux', 'https://e-rimbault.github.io/swgoh-kit/html/ima-gun_di.html', 'https://e-rimbault.github.io/swgoh-kit/image-perso/ima-gun-di/ima-gun-image.png'),
('imperial probe droid', 'imperial probe droid', 'droïde sonde impérial', 'support', 'soutien', 'darkside', 'côté obscur', '', ''),
('imperial super commando', 'imperial super commando', 'super commando impérial', 'attacker', 'attaquant', 'darkside', 'côté obscur', 'https://e-rimbault.github.io/swgoh-kit/html/isc.html', 'https://e-rimbault.github.io/swgoh-kit/image-perso/isc/isc-image.png'),
('jabba the hutt', 'jabba the hutt', 'jabba le hutt', 'support', 'soutien', 'darkside', 'côté obscur', 'https://e-rimbault.github.io/swgoh-kit/html/jabba.html', 'https://e-rimbault.github.io/swgoh-kit/image-perso/jabba/jabba-image.png'),
('jango fett', 'jango fett', 'jango fett', 'attacker', 'attaquant', 'darkside', 'côté obscur', 'https://e-rimbault.github.io/swgoh-kit/html/jango_fett.html', 'https://e-rimbault.github.io/swgoh-kit/image-perso/jango-fett/jango.png'),
('jar jar binks', 'jar jar binks', 'jar jar binks', 'support', 'soutien', 'lightside', 'côté lumineux', '', ''),
('jawa', 'jawa', 'jawa', 'attacker', 'attaquant', 'lightside', 'côté lumineux', 'https://e-rimbault.github.io/swgoh-kit/html/jawa.html', 'https://e-rimbault.github.io/swgoh-kit/image-perso/jawa/jawa-image.png'),
('jawa enginner', 'jawa enginner', 'ingénieur jawa', 'healer', 'soigneur', 'lightside', 'côté lumineux', 'https://e-rimbault.github.io/swgoh-kit/html/enginner.html', 'https://e-rimbault.github.io/swgoh-kit/image-perso/enginner/engineer-image.png'),
('jawa scavenger', 'jawa scavenger', '', 'support', 'soutien', 'lightside', 'côté lumineux', 'https://e-rimbault.github.io/swgoh-kit/html/pillard-jawa.html', 'https://e-rimbault.github.io/swgoh-kit/image-perso/jawa-scavenger/scavenger-image.png'),
('jedi consular', 'jedi consular', 'jedi consulaire', 'healer', 'soigneur', 'lightside', 'côté lumineux', 'https://e-rimbault.github.io/swgoh-kit/html/consular.html', 'https://e-rimbault.github.io/swgoh-kit/image-perso/consular/consular-image.png'),
('jedi knight anakin', 'jedi knight anakin', 'chevalier jedi anakin', 'attacker', 'attaquant', 'lightside', 'côté lumineux', 'https://e-rimbault.github.io/swgoh-kit/html/jedi__kinght_anakin.html', 'https://e-rimbault.github.io/swgoh-kit/image-perso/jka/jka-image.png'),
('jedi knight cal kestis', 'jedi knight cal kestis', 'chevalier jedi cal kestis', 'attacker', 'attaquant', 'lightside', 'côté lumineux', 'https://e-rimbault.github.io/swgoh-kit/html/jkck.html', 'https://e-rimbault.github.io/swgoh-kit/image-perso/jkck/jkck-image.png'),
('jedi knight guardian', 'jedi knight guardian', 'chevalier jedi gardien', 'tank', 'tank', 'lightside', 'côté lumineux', 'https://e-rimbault.github.io/swgoh-kit/html/jkg.html', 'https://e-rimbault.github.io/swgoh-kit/image-perso/guardian/guardian_image.png'),
('jedi knight luke skywalker', 'jedi knight luke skywalker', 'chevalier jedi luke skywalker', 'attacker', 'attaquant', 'lightside', 'côté lumineux', 'https://e-rimbault.github.io/swgoh-kit/html/jedi_knight_luke.html', 'https://e-rimbault.github.io/swgoh-kit/image-perso/jkl/jkl-image.png'),
('jedi knight revan', 'jedi knight revan', 'chevalier jedi revan', 'attacker', 'attaquant', 'lightside', 'côté lumineux', 'https://e-rimbault.github.io/swgoh-kit/html/Jedi_Revan.html', 'https://e-rimbault.github.io/swgoh-kit/image-perso/jkr/jkr-image.png'),
('jedi master kenobi', 'jedi master kenobi', 'maître jedi kenobi', 'attacker', 'attaquant', 'lightside', 'côté lumineux', 'https://e-rimbault.github.io/swgoh-kit/html/JMK.html', 'https://e-rimbault.github.io/swgoh-kit/image-perso/jmk/jmk-image.png'),
('jedi master luke skywalker', 'jedi master luke skywalker', 'maître jedi luke skywalker', 'tank', 'tank', 'lightside', 'côté lumineux', 'https://e-rimbault.github.io/swgoh-kit/html/jml.html', 'https://e-rimbault.github.io/swgoh-kit/image-perso/jml/jml-image.png'),
('jedi master mace windu', 'jedi master mace windu', 'maître jedi mace windu', 'attacker', 'attaquant', 'lightside', 'côté lumineux', '', ''),
('jocasta nu', 'jocasta nu', 'jocasta nu', 'attacker', 'attaquant', 'lightside', 'côté lumineux', '', ''),
('jolee bindo', 'jolee bindo', 'jolee bindo', 'healer', 'soigneur', 'lightside', 'côté lumineux', 'https://e-rimbault.github.io/swgoh-kit/html/jolee.html', 'https://e-rimbault.github.io/swgoh-kit/image-perso/jolee/jolee-bindo.png'),
('juhani', 'juhani', 'juhani', 'tank', 'tank', 'lightside', 'côté lumineux', 'https://e-rimbault.github.io/swgoh-kit/html/juhani.html', 'https://e-rimbault.github.io/swgoh-kit/image-perso/juhani/juhani-image.png'),
('jyn erso', 'jyn erso', 'jyn erso', 'attacker', 'attaquant', 'lightside', 'côté lumineux', 'https://e-rimbault.github.io/swgoh-kit/html/Jyn.html', 'https://e-rimbault.github.io/swgoh-kit/image-perso/jyn/jyn-image.png'),
('k-2so', 'k-2so', 'k-2so', 'tank', 'tank', 'lightside', 'côté lumineux', 'https://e-rimbault.github.io/swgoh-kit/html/k-2SO.html', 'https://e-rimbault.github.io/swgoh-kit/image-perso/k-2so/k-2s0-image.png'),
('kanan jarrus', 'kanan jarrus', 'kanan jarrus', 'tank', 'tank', 'lightside', 'côté lumineux', 'https://e-rimbault.github.io/swgoh-kit/html/kanan.html', 'https://e-rimbault.github.io/swgoh-kit/image-perso/kanan/kanan-image.png'),
('kelleran beq', 'kelleran beq', 'kelleran beq', 'attacker', 'attaquant', 'lightside', 'côté lumineux', 'https://e-rimbault.github.io/swgoh-kit/html/Kelleran_Beq.html', 'https://e-rimbault.github.io/swgoh-kit/image-perso/kelleran/Kelleran-Beq.png'),
('ki-adi-mundi', 'ki-adi-mundi', 'ki-adi-mundi', 'attacker', 'attaquant', 'lightside', 'côté lumineux', 'https://e-rimbault.github.io/swgoh-kit/html/ki-adi-mundi.html', 'https://e-rimbault.github.io/swgoh-kit/image-perso/kam/ki-adi-image.png'),
('kit fisto', 'kit fisto', 'kit fisto', 'attacker', 'attaquant', 'lightside', 'côté lumineux', '', ''),
('kix', 'kix', 'kix', 'healer', 'soigneur', 'lightside', 'côté lumineux', '', ''),
('krrsantan', 'krrsantan', 'krrsantan', 'tank', 'tank', 'darkside', 'Côté Obscur', '', ''),
('kuill', 'kuill', 'kuill', 'support', 'soutien', 'lightside', 'côté lumineux', '', ''),
('kyle katarn', 'kyle katarn', 'kyle katarn', 'attacker', 'attaquant', 'lightside', 'côté lumineux', '', ''),
('kylo ren', 'kylo ren', 'kylo ren', 'attacker', 'attaquant', 'darkside', 'côté obscur', '', ''),
('kylo ren (unmasked)', 'kylo ren (unmasked)', 'kylo ren (sans masque)', 'tank', 'tank', 'darkside', 'côté obscur', 'https://e-rimbault.github.io/swgoh-kit/html/kru.html', 'https://e-rimbault.github.io/swgoh-kit/image-perso/kru/kru-image.png'),
('l3-37', 'l3-37', 'l3-37', 'tank', 'tank', 'lightside', 'côté lumineux', '', ''),
('lando calrissian', 'lando calrissian', 'lando calrissian', 'attacker', 'attaquant', 'lightside', 'côté lumineux', '', ''),
('leia organa', 'leia organa', 'leia organa', 'tank', 'tank', 'lightside', 'côté lumineux', '', ''),
('lobot', 'lobot', 'lobot', 'support', 'soutien', 'lightside', 'côté lumineux', '', ''),
('logray', 'logray', 'logray', 'support', 'soutien', 'lightside', 'côté lumineux', '', ''),
('lord vader', 'lord vader', 'seigneur vador', 'attacker', 'attaquant', 'darkside', 'côté obscur', '', ''),
('luke skywalker (farmboy)', 'luke skywalker (farmboy)', 'luke skywalker (fermier)', 'attacker', 'attaquant', 'lightside', 'côté lumineux', '', ''),
('luminara unduli', 'luminara unduli', 'luminara unduli', 'healer', 'soigneur', 'lightside', 'côté lumineux', '', ''),
('luthen rael', 'luthen rael', 'luthen rael', 'support', 'soutien', 'lightside', 'côté lumineux', '', ''),
('mace windu', 'mace windu', 'mace windu', 'tank', 'tank', 'lightside', 'côté lumineux', 'https://e-rimbault.github.io/swgoh-kit/html/windu.html', 'https://e-rimbault.github.io/swgoh-kit/image-perso/windu/windu-image.png'),
('magmatrooper', 'magmatrooper', 'magmatrooper', 'attacker', 'attaquant', 'darkside', 'côté obscur', '', ''),
('mara jade, the emperor\'s hand', 'mara jade, the emperor\'s hand', 'mara jade, la main de l\'empereur', 'attacker', 'attaquant', 'darkside', 'côté obscur', 'https://e-rimbault.github.io/swgoh-kit/html/mara.html', 'https://e-rimbault.github.io/swgoh-kit/image-perso/mara-jade/mara-image.png'),
('marrok', 'marrok', 'marrok', 'support', 'soutien', 'darkside', 'côté obscur', '', ''),
('master qui-gon', 'master qui-gon', 'maître qui-gon', 'support', 'soutien', 'lightside', 'côté lumineux', 'https://e-rimbault.github.io/swgoh-kit/html/master_qui_gon.html', 'https://e-rimbault.github.io/swgoh-kit/image-perso/maitre-jinn/qui-gon-image.png'),
('maul', 'maul', 'maul', 'attacker', 'attaquant', 'darkside', 'côté obscur', 'https://e-rimbault.github.io/swgoh-kit/html/maul.html', 'https://e-rimbault.github.io/swgoh-kit/image-perso/maul/maul-image.png'),
('maz kanata', 'maz kanata', 'maz kanata', 'support', 'soutien', 'lightside', 'côté lumineux', '', ''),
('merrin', 'merrin', 'merrin', 'support', 'soutien', 'darkside', 'côté obscur', 'https://e-rimbault.github.io/swgoh-kit/html/merrin.html', 'https://e-rimbault.github.io/swgoh-kit/image-perso/merrin/merrin-image.png'),
('mission vao', 'mission vao', 'mission vao', 'attacker', 'attaquant', 'lightside', 'côté lumineux', '', ''),
('mob enforcer', 'mob enforcer', 'homme de main de la pègre', 'support', 'soutien', 'darkside', 'côté obscur', '', ''),
('moff gideon', 'moff gideon', 'moff gideon', 'support', 'soutien', 'darkside', 'côté obscur', 'https://e-rimbault.github.io/swgoh-kit/html/moff_gideon.html', 'https://e-rimbault.github.io/swgoh-kit/image-perso/moff-gideon/moff-gideon-image.png'),
('mon mothma', 'mon mothma', 'mon mothma', 'support', 'soutien', 'lightside', 'côté lumineux', '', ''),
('morgan elsbeth', 'morgan elsbeth', 'morgan elsbeth', 'tank', 'tank', 'darkside', 'côté obscur', '', ''),
('night trooper', 'night trooper', 'night trooper', 'attacker', 'attaquant', 'darkside', 'côté obscur', 'https://e-rimbault.github.io/swgoh-kit/html/night_trooper.html', 'https://e-rimbault.github.io/swgoh-kit/image-perso/night-trooper/trooper-image.png'),
('nightsister acolyte', 'nightsister acolyte', 'acolyte des sœur de la nuit', 'attacker', 'attaquant', 'darkside', 'côté obscur', '', ''),
('nightsister initiate', 'nightsister initiate', 'initiée des sœurs de la nuit', 'attacker', 'attaquant', 'darkside', 'côté obscur', '', ''),
('nightsister spirit', 'nightsister spirit', 'esprit des sœur de la nuit', 'attacker', 'attaquant', 'darkside', 'côté obscur', '', ''),
('nightsister zombie', 'nightsister zombie', 'zombie sœur de la nuit', 'tank', 'tank', 'darkside', 'côté obscur', 'https://e-rimbault.github.io/swgoh-kit/html/night-sister_zombie.html', 'https://e-rimbault.github.io/swgoh-kit/image-perso/zombie-nightsister/nightsisters-zombie-image.png'),
('ninth sister', 'ninth sister', 'neuvième sœur', 'tank', 'tank', 'darkside', 'côté obscur', 'https://e-rimbault.github.io/swgoh-kit/html/ninthsister.html', 'https://e-rimbault.github.io/swgoh-kit/image-perso/9th-sister/ninthsister.png'),
('nute gunray', 'nute gunray', 'nute gunray', 'support', 'soutien', 'darkside', 'côté obscur', '', ''),
('obi-wan kenobi (old ben)', 'obi-wan kenobi (old ben)', 'obi-wan kenobi (vieux ben)', 'tank', 'tank', 'lightside', 'côté lumineux', 'https://e-rimbault.github.io/swgoh-kit/html/old-ben.html', 'https://e-rimbault.github.io/swgoh-kit/image-perso/old-ben/old-ben-image.png'),
('old daka', 'old daka', 'vieille daka', 'healer', 'soigneur', 'darkside', 'côté obscur', '', ''),
('omega', 'omega', 'omega', 'attacker', 'attaquant', 'lightside', 'côté lumineux', 'https://e-rimbault.github.io/swgoh-kit/html/omega.html', 'https://e-rimbault.github.io/swgoh-kit/image-perso/omega/omega-image.png'),
('omega (fugitive)', 'omega (fugitive)', 'omega (fugitive)', 'support', 'soutien', 'lightside', 'côté lumineux', '', ''),
('padawan obi-wan', 'padawan obi-wan', 'padawan obi-wan', 'attacker', 'attaquant', 'lightside', 'côté lumineux', 'https://e-rimbault.github.io/swgoh-kit/html/pow.html', 'https://e-rimbault.github.io/swgoh-kit/image-perso/pow/pow-image.png'),
('padmé amidala', 'padmé amidala', 'padmé amidala', 'support', 'soutien', 'lightside', 'côté lumineux', 'https://e-rimbault.github.io/swgoh-kit/html/padme_amidala.html', 'https://e-rimbault.github.io/swgoh-kit/image-perso/padme-amidala/padme-image.png'),
('pao', 'pao', 'pao', 'attacker', 'attaquant', 'lightside', 'côté lumineux', '', ''),
('paploo', 'paploo', 'paploo', 'tank', 'tank', 'lightside', 'côté lumineux', '', ''),
('paz vizsla', 'paz vizsla', 'paz vizsla', 'tank', 'tank', 'lightside', 'côté lumineux', 'https://e-rimbault.github.io/swgoh-kit/html/Paz_Vizsla.html', 'https://e-rimbault.github.io/swgoh-kit/image-perso/paz-vizsla/Paz-Vizsla-image.png'),
('pirate king hondo ohnaka', 'pirate king hondo ohnaka', 'roi pirate hondo honaka', 'support', 'soutien', 'darkside', 'côté obscur', '', ''),
('plo koon', 'plo koon', 'plo koon', 'tank', 'tank', 'lightside', 'côté lumineux', '', ''),
('poe dameron', 'poe dameron', 'poe dameron', 'tank', 'tank', 'lightside', 'côté lumineux', '', ''),
('poggle the lesser', 'poggle the lesser', 'poggle le bref', 'support', 'soutien', 'darkside', 'côté obscur', '', ''),
('princess kneesaa', 'princess kneesaa', 'princesse kneesaa', 'attacker', 'attaquant', 'lightside', 'côté lumineux', '', ''),
('princess leia', 'princess leia', 'princesse leia', 'attacker', 'attaquant', 'lightside', 'côté lumineux', '', ''),
('qi\'ra', 'qi\'ra', 'qi\'ra', 'support', 'soutien', 'lightside', 'côté lumineux', '', ''),
('queen amidala', 'queen amidala', 'reine amidala', 'support', 'soutien', 'lightside', 'côté lumineux', 'https://e-rimbault.github.io/swgoh-kit/html/queen_amidala.html', 'https://e-rimbault.github.io/swgoh-kit/image-perso/queen-amidala/queen-amidala-image.png'),
('qui-gon jinn', 'qui-gon jinn', 'qui-gon jinn', 'support', 'soutien', 'lightside', 'côté lumineux', '', ''),
('quiggold', 'quiggold', 'quiggold', 'tank', 'tank', 'darkside', 'côté obscur', '', ''),
('r2-d2', 'r2-d2', 'r2-d2', 'support', 'soutien', 'lightside', 'côté lumineux', 'https://e-rimbault.github.io/swgoh-kit/html/r2-2d.html', 'https://e-rimbault.github.io/swgoh-kit/image-perso/r2-d2/r2-image.png'),
('rc-1262 \'scorch\'', 'rc-1262 \'scorch\'', 'rc-1262 \'scorch\'', 'tank', 'tank', 'darkside', 'côté obscur', '', ''),
('range trooper', 'range trooper', 'range trooper', 'support', 'soutien', 'darkside', 'côté obscur', '', ''),
('rebel officer leia organa', 'rebel officer leia organa', 'officier rebelle leia organa', 'attacker', 'attaquant', 'lightside', 'côté lumineux', '', ''),
('resistance hero finn', 'resistance hero finn', 'héros de la résistance finn', 'attacker', 'attaquant', 'lightside', 'côté lumineux', 'https://e-rimbault.github.io/swgoh-kit/html/hero_finn.html', 'https://e-rimbault.github.io/swgoh-kit/image-perso/hero-finn/finn-image.png'),
('resistance hero poe', 'resistance hero poe', 'héros de la résistance poe', 'attacker', 'attaquant', 'lightside', 'côté lumineux', 'https://e-rimbault.github.io/swgoh-kit/html/hero_poe.html', 'https://e-rimbault.github.io/swgoh-kit/image-perso/h-poe/poe-image.png'),
('resistance pilot', 'resistance pilot', 'pilote de la résistance', 'attacker', 'attaquant', 'lightside', 'côté lumineux', '', ''),
('resistance trooper', 'resistance trooper', 'soldat de la résistance', 'attacker', 'attaquant', 'lightside', 'côté lumineux', '', ''),
('rey', 'rey', 'rey', 'attacker', 'attaquant', 'lightside', 'côté lumineux', 'https://e-rimbault.github.io/swgoh-kit/html/rey.html', 'https://e-rimbault.github.io/swgoh-kit/image-perso/rey_gl/rey-image.png'),
('rey (dark side vision)', 'rey (dark side vision)', 'rey (vision du coté obscur)', 'attacker', 'attaquant', 'darkside', 'côté obscur', '', ''),
('rey (jedi training)', 'rey (jedi training)', 'rey (entrainement de jedi)', 'tank', 'tank', 'lightside', 'côté lumineux', 'https://e-rimbault.github.io/swgoh-kit/html/rjt.html', 'https://e-rimbault.github.io/swgoh-kit/image-perso/rjt/rjt-image.png'),
('rey (scavenger)', 'rey (scavenger)', 'rey (pilleuse)', 'attacker', 'attaquant', 'lightside', 'côté lumineux', 'https://e-rimbault.github.io/swgoh-kit/html/rey_pilleuse.html', 'https://e-rimbault.github.io/swgoh-kit/image-perso/rey_pilleuse/rey-image.png'),
('rose tico', 'rose tico', 'rose tico', 'attacker', 'attaquant', 'lightside', 'côté lumineux', '', ''),
('royal guard', 'royal guard', 'garde royal', 'tank', 'tank', 'darkside', 'côté obscur', '', ''),
('sm-33', 'sm-33', 'sm-33', 'attacker', 'attaquant', 'darkside', 'côté obscur', '', ''),
('stap', 'stap', 'pait', 'attacker', 'attaquant', 'darkside', 'côté obscur', '', ''),
('sana starros', 'sana starros', 'sana starros', 'attacker', 'attaquant', 'lightside', 'côté lumineux', '', ''),
('savage oppress', 'savage oppress', 'savage oppress', 'tank', 'tank', 'darkside', 'côté obscur', '', ''),
('saw gerrera', 'saw gerrera', 'saw gerrera', 'support', 'soutien', 'lightside', 'côté lumineux', '', ''),
('scarif rebel pathfinder', 'scarif rebel pathfinder', 'pisteur rebelle de scarif', 'tank', 'tank', 'lightside', 'côté lumineux', '', ''),
('scout trooper', 'scout trooper', 'scout trooper', 'support', 'soutien', 'darkside', 'côté obscur', '', ''),
('second sister', 'second sister', 'deuxième sœur', 'attacker', 'attaquant', 'darkside', 'côté obscur', '', ''),
('seventh sister', 'seventh sister', 'septième sœur', 'healer', 'soigneur', 'darkside', 'côté obscur', '', ''),
('shaak ti', 'shaak ti', 'shaak ti', 'support', 'soutien', 'lightside', 'côté lumineux', '', ''),
('shin hati', 'shin hati', 'shin hati', 'attacker', 'attaquant', 'darkside', 'côté obscur', '', ''),
('shoretrooper', 'shoretrooper', 'shoretrooper', 'tank', 'tank', 'darkside', 'côté obscur', '', ''),
('sith assassin', 'sith assassin', 'assassin sith', 'attacker', 'attaquant', 'darkside', 'côté obscur', 'https://e-rimbault.github.io/swgoh-kit/html/sith_assasin.html', 'https://e-rimbault.github.io/swgoh-kit/image-perso/sith-assassin/sith-assassin-iamge.png'),
('sith empire trooper', 'sith empire trooper', 'soldat sith de l\'empire sith', 'tank', 'tank', 'darkside', 'côté obscur', 'https://e-rimbault.github.io/swgoh-kit/html/sith_empire_trooper.html', 'https://e-rimbault.github.io/swgoh-kit/image-perso/sith-empire-trooper/sithtrooper-image.png'),
('sith eternal emperor', 'sith eternal emperor', 'empereur éternel sith', 'attacker', 'attaquant', 'darkside', 'côté obscur', 'https://e-rimbault.github.io/swgoh-kit/html/eternel_empereur.html', 'https://e-rimbault.github.io/swgoh-kit/image-perso/see/see-image.png'),
('sith marauder', 'sith marauder', 'maraudeur sith', 'attacker', 'attaquant', 'darkside', 'côté obscur', 'https://e-rimbault.github.io/swgoh-kit/html/sith_marauder.html', 'https://e-rimbault.github.io/swgoh-kit/image-perso/maraudeur-sith/marauder.png'),
('sith trooper', 'sith trooper', 'soldat sith', 'attacker', 'attaquant', 'darkside', 'côté obscur', '', ''),
('skiff guard (lando calrissian)', 'skiff guard (lando calrissian)', 'garde d\'esquif (lando calrissian)', 'attacker', 'attaquant', 'lightside', 'côté lumineux', '', ''),
('snowtrooper', 'snowtrooper', 'snowtrooper', 'attacker', 'attaquant', 'darkside', 'côté obscur', '', ''),
('starkiller', 'starkiller', 'starkiller', 'attacker', 'attaquant', 'darkside', 'côté obscur', 'https://e-rimbault.github.io/swgoh-kit/html/starkiller.html', 'https://e-rimbault.github.io/swgoh-kit/image-perso/starkiller/starkiller-image.png'),
('stormtrooper', 'stormtrooper', 'stormtrooper', 'tank', 'tank', 'darkside', 'côté obscur', '', ''),
('stormtrooper han', 'stormtrooper han', 'han en stormtrooper', 'tank', 'tank', 'lightside', 'côté lumineux', '', ''),
('sun fac', 'sun fac', 'sun fac', 'tank', 'tank', 'darkside', 'côté obscur', '', ''),
('supreme leader kylo ren', 'supreme leader kylo ren', 'suprême leader kylo ren', 'attacker', 'attaquant', 'darkside', 'côté obscur', 'https://e-rimbault.github.io/swgoh-kit/html/slkr.html', 'https://e-rimbault.github.io/swgoh-kit/image-perso/slkr/slkr-image.png'),
('t3-m4', 't3-m4', 't3-m4', 'support', 'soutien', 'lightside', 'côté lumineux', '', ''),
('tie pilot fighter', 'tie pilot fighter', 'pilote de chasseur tie', 'attacker', 'attaquant', 'darkside', 'côté obscur', '', ''),
('talia', 'talia', 'talia', 'healer', 'soigneur', 'darkside', 'côté obscur', '', ''),
('tarfful', 'tarfful', 'tarfful', 'support', 'soutien', 'lightside', 'côté lumineux', '', ''),
('taron malicos', 'taron malicos', 'taron malicos', 'attacker', 'attaquant', 'darkside', 'côté obscur', 'https://e-rimbault.github.io/swgoh-kit/html/malicos.html', 'https://e-rimbault.github.io/swgoh-kit/image-perso/taron-malicos/malicos-image.png'),
('tech', 'tech', 'tech', 'support', 'soutien', 'lightside', 'côté lumineux', 'https://e-rimbault.github.io/swgoh-kit/html/tech.html', 'https://e-rimbault.github.io/swgoh-kit/image-perso/tech/tech-image.png'),
('teebo', 'teebo', 'teebo', 'tank', 'tank', 'lightside', 'côté lumineux', '', ''),
('temple guard', 'temple guard', 'garde du temple', 'tank', 'tank', 'lightside', 'côté lumineux', '', ''),
('the armorer', 'the armorer', 'l\'armurière', 'support', 'soutien', 'lightside', 'côté lumineux', 'https://e-rimbault.github.io/swgoh-kit/html/armorer.html', 'https://e-rimbault.github.io/swgoh-kit/image-perso/armorer/armorer-image.png'),
('the mandalorian', 'the mandalorian', 'le mandalorien', 'attacker', 'attaquant', 'lightside', 'côté lumineux', 'https://e-rimbault.github.io/swgoh-kit/html/the_mandalorian.html', 'https://e-rimbault.github.io/swgoh-kit/image-perso/mando/mando-image.png'),
('the mandalorian (beskar armor)', 'the mandalorian (beskar armor)', 'le mandalorien (armure en beskar)', 'attacker', 'attaquant', 'lightside', 'côté lumineux', 'https://e-rimbault.github.io/swgoh-kit/html/The_mandalorian_beskar.html', 'https://e-rimbault.github.io/swgoh-kit/image-perso/bam/The-Mandalorian-image.png'),
('third sister', 'third sister', 'troisième sœur', 'tank', 'tank', 'darkside', 'côté obscur', '', ''),
('threepio & chewie', 'threepio & chewie', '3po et chewie', 'support', 'soutien', 'lightside', 'côté lumineux', '', ''),
('tusken chieftain', 'tusken chieftain', 'chef de la tribu tusken', 'support', 'soutien', 'darkside', 'côté obscur', 'https://e-rimbault.github.io/swgoh-kit/html/chef_tusken.html', 'https://e-rimbault.github.io/swgoh-kit/image-perso/chef_tusken/chef-tusken-image.png'),
('tusken raider', 'tusken raider', 'pillard tusken', 'attacker', 'attaquant', 'darkside', 'côté obscur', '', ''),
('tusken shaman', 'tusken shaman', 'chaman tusken', 'healer', 'soigneur', 'darkside', 'côté obscur', '', ''),
('tusken warrior', 'tusken warrior', 'guerrière tusken', 'attacker', 'attaquant', 'darkside', 'côté obscur', '', ''),
('urorrur\'r\'r\'r', 'urorrur\'r\'r\'r', 'urorrur\'r\'r\'r', 'support', 'soutien', 'darkside', 'côté obscur', '', ''),
('ugnaught', 'ugnaught', 'ugnaught', 'support', 'soutien', 'lightside', 'côté lumineux', '', ''),
('vandor chewbacca', 'vandor chewbacca', 'chewbacca vandor', 'tank', 'tank', 'lightside', 'côté lumineux', '', ''),
('vane', 'vane', 'vane', 'tank', 'tank', 'darkside', 'côté obscur', '', ''),
('veteran smuggler chewbacca', 'veteran smuggler chewbacca', 'contrebandier vétéran chewbacca', 'attacker', 'attaquant', 'lightside', 'côté lumineux', '', ''),
('veteran smuggler han solo', 'veteran smuggler han solo', 'contrebandier vétéran han solo', 'attacker', 'attaquant', 'lightside', 'côté lumineux', '', ''),
('visas marr', 'visas marr', 'visas marr', 'healer', 'soigneur', 'lightside', 'côté lumineux', '', ''),
('wampa', 'wampa', 'wampa', 'attacker', 'attaquant', 'darkside', 'côté obscur', '', ''),
('wat tambor', 'wat tambor', 'wat tambor', 'support', 'soutien', 'darkside', 'côté obscur', '', ''),
('wedge antilles', 'wedge antilles', 'wedge antilles', 'attacker', 'attaquant', 'lightside', 'côté lumineux', '', ''),
('wicket', 'wicket', 'wicket', 'support', 'soutien', 'lightside', 'côté lumineux', '', ''),
('wrecker', 'wrecker', 'wrecker', 'tank', 'tank', 'lightside', 'côté lumineux', 'https://e-rimbault.github.io/swgoh-kit/html/wrecker.html', 'https://e-rimbault.github.io/swgoh-kit/image-perso/wrecker/wreker-image.png'),
('wrecker (mercenary)', 'wrecker (mercenary)', 'wrecker (mercenaire)', 'tank', 'tank', 'lightside', 'côté lumineux', '', ''),
('young han solo', 'young han solo', 'han solo jeune', 'attacker', 'attaquant', 'lightside', 'côté lumineux', '', ''),
('young lando calrissian', 'young lando calrissian', 'lando calrissian jeune', 'attacker', 'attaquant', 'lightside', 'côté lumineux', '', ''),
('zaalbar', 'zaalbar', 'zaalbar', 'tank', 'tank', 'lightside', 'côté lumineux', '', ''),
('zam wesell', 'zam wesell', 'zam wesell', 'attacker', 'attaquant', 'darkside', 'côté obscur', '', '');
INSERT INTO `units` (`id`, `name-en`, `nom-fr`, `role`, `role-fr`, `alignment`, `alignment-fr`, `page`, `image`) VALUES
('zorii bliss', 'zorii bliss', 'zorii bliss', 'support', 'soutien', 'lightside', 'côté lumineux', '', ''),
('bistan', 'bistan', 'bistan', 'attacker', 'attaquant', 'lightside', 'côté lumineux', '', ''),
('mother talzin', 'mother talzin', 'mère talzin', 'support', 'soutien', 'darkside', 'côté obscur', '', ''),
('4-lom', '4-lom', '4-lom', 'support', 'soutien', 'darkside', 'côté obscur', '', ''),
('the stranger', 'the stranger', 'l\'inconnu', 'attacker', 'attaquant', 'darkside', 'côté obscur', '', '');

-- --------------------------------------------------------

--
-- Structure de la table `unit_factions`
--

DROP TABLE IF EXISTS `unit_factions`;
CREATE TABLE IF NOT EXISTS `unit_factions` (
  `unit_id` varchar(100) NOT NULL,
  `faction_id` int NOT NULL,
  PRIMARY KEY (`unit_id`,`faction_id`),
  KEY `faction_id` (`faction_id`)
) ENGINE=MyISAM DEFAULT CHARSET=utf8mb4 COLLATE=utf8mb4_0900_ai_ci;

--
-- Déchargement des données de la table `unit_factions`
--

INSERT INTO `unit_factions` (`unit_id`, `faction_id`) VALUES
('0-0-0', 35),
('0-0-0', 62),
('4-lom', 33),
('4-lom', 35),
('4-lom', 51),
('4-lom', 62),
('50r-t', 35),
('50r-t', 51),
('50r-t', 55),
('aayla secura', 41),
('aayla secura', 49),
('aayla secura', 50),
('aayla secura', 51),
('admiral ackbar', 39),
('admiral ackbar', 51),
('admiral ackbar', 58),
('admiral piett', 36),
('admiral piett', 39),
('admiral piett', 46),
('admiral piett', 51),
('admiral raddus', 39),
('admiral raddus', 51),
('admiral raddus', 58),
('admiral raddus', 61),
('admiral trench', 51),
('admiral trench', 63),
('ahsoka tano', 40),
('ahsoka tano', 51),
('ahsoka tano', 67),
('ahsoka tano', 69),
('ahsoka tano (fulcrum)', 58),
('ahsoka tano (fulcrum)', 67),
('ahsoka tano (fulcrum)', 69),
('ahsoka tano (snips)', 31),
('ahsoka tano (snips)', 41),
('ahsoka tano (snips)', 49),
('ahsoka tano (snips)', 51),
('ahsoka tano (snips)', 76),
('amilyn holdo', 39),
('amilyn holdo', 60),
('arc trooper', 31),
('arc trooper', 34),
('arc trooper', 41),
('asajj ventress', 51),
('asajj ventress', 54),
('asajj ventress', 63),
('asajj ventress', 69),
('aurra sing', 33),
('aurra sing', 51),
('aurra sing', 53),
('aurra sing', 62),
('b1 battle droid', 35),
('b1 battle droid', 63),
('b2 super battle droid', 35),
('b2 super battle droid', 63),
('barriss offee', 41),
('barriss offee', 49),
('barriss offee', 50),
('barriss offee', 51),
('bastila shan', 49),
('bastila shan', 51),
('bastila shan', 55),
('bastila shan (fallen)', 64),
('bastila shan (fallen)', 65),
('batcher', 32),
('baylan skoll', 51),
('baylan skoll', 53),
('baylan skoll', 69),
('baze malbus', 58),
('baze malbus', 59),
('baze malbus', 61),
('bb-8', 35),
('bb-8', 60),
('ben solo', 69),
('biggs darklighter', 58),
('biggs darklighter', 59),
('biggs darklighter', 76),
('bistan', 58),
('bistan', 59),
('bistan', 61),
('bistan', 76),
('bo-katan (mand\'alor)', 51),
('bo-katan (mand\'alor)', 52),
('bo-katan kryze', 51),
('bo-katan kryze', 52),
('bo-katan kryze', 62),
('boba fett', 33),
('boba fett', 44),
('boba fett', 51),
('boba fett', 62),
('boba fett', 76),
('boba fett, scion of jango', 33),
('boba fett, scion of jango', 51),
('boba fett, scion of jango', 53),
('boba fett, scion of jango', 62),
('bodhi rook', 58),
('bodhi rook', 59),
('bodhi rook', 61),
('bodhi rook', 76),
('boss nass', 43),
('boss nass', 51),
('bossk', 33),
('bossk', 51),
('bossk', 62),
('bossk', 76),
('boushh (leia organa)', 33),
('boushh (leia organa)', 44),
('boushh (leia organa)', 51),
('boushh (leia organa)', 62),
('brutus', 57),
('brutus', 62),
('bt-1', 35),
('bt-1', 62),
('c-3po', 35),
('c-3po', 41),
('c-3po', 58),
('c-3po', 60),
('cad bane', 33),
('cad bane', 44),
('cad bane', 51),
('cad bane', 53),
('cad bane', 62),
('cad bane', 76),
('cal kestis', 69),
('canderous ordo', 52),
('canderous ordo', 53),
('canderous ordo', 55),
('canderous ordo', 62),
('captain drogan', 58),
('captain drogan', 59),
('captain drogan', 76),
('captain enoch', 45),
('captain enoch', 51),
('captain han solo', 58),
('captain han solo', 62),
('captain ithano', 51),
('captain ithano', 57),
('captain ithano', 62),
('captain phasma', 38),
('captain phasma', 51),
('captain phasma', 76),
('captain rex', 34),
('captain rex', 56),
('captain rex', 58),
('captain rex', 59),
('captain silvo', 51),
('captain silvo', 57),
('captain silvo', 62),
('captain silvo', 69),
('captain tarpals', 43),
('cara dune', 53),
('cara dune', 58),
('cara dune', 59),
('cara dune', 62),
('carth onasi', 51),
('carth onasi', 55),
('carth onasi', 76),
('cassian andor', 58),
('cassian andor', 59),
('cassian andor', 61),
('cassian andor', 76),
('cc-1119 \'appo\'', 34),
('cc-1119 \'appo\'', 36),
('cc-2224 \'cody\'', 34),
('cc-2224 \'cody\'', 41),
('cc-2224 \'cody\'', 51),
('cere junda', 51),
('cere junda', 62),
('cere junda', 69),
('chewbacca', 58),
('chewbacca', 62),
('chewbacca', 66),
('chewbacca', 70),
('chewbacca', 76),
('chief chirpa', 37),
('chief chirpa', 51),
('chief nebit', 48),
('chief nebit', 51),
('chirrut Îmwe', 58),
('chirrut Îmwe', 59),
('chirrut Îmwe', 61),
('chopper', 35),
('chopper', 56),
('chopper', 58),
('chopper', 67),
('chopper', 76),
('clone sergent-phase 1', 34),
('clone sergent-phase 1', 41),
('clone sergent-phase 1', 76),
('clone wars chewbacca', 41),
('clone wars chewbacca', 51),
('clone wars chewbacca', 62),
('clone wars chewbacca', 70),
('colonel starck', 36),
('colonel starck', 46),
('commander ahsoka tano', 41),
('commander ahsoka tano', 62),
('commander ahsoka tano', 69),
('commander luke skywalker', 51),
('commander luke skywalker', 58),
('commander luke skywalker', 69),
('coruscant underworld police', 41),
('count dooku', 51),
('count dooku', 63),
('count dooku', 64),
('crosshair (scarred)', 32),
('ct-21-0408 \'echo\'', 31),
('ct-21-0408 \'echo\'', 34),
('ct-21-0408 \'echo\'', 41),
('ct-5555 \'fives\'', 31),
('ct-5555 \'fives\'', 34),
('ct-5555 \'fives\'', 41),
('ct-5555 \'fives\'', 51),
('ct-5555 \'fives\'', 76),
('ct-7567 \'rex\'', 31),
('ct-7567 \'rex\'', 34),
('ct-7567 \'rex\'', 41),
('ct-7567 \'rex\'', 51),
('ct-7567 \'rex\'', 76),
('cx-2', 34),
('cx-2', 36),
('dark trooper', 35),
('dark trooper', 36),
('dark trooper', 45),
('dark trooper', 46),
('dark trooper moff gideon', 45),
('dark trooper moff gideon', 46),
('dark trooper moff gideon', 51),
('darth bane', 51),
('darth bane', 64),
('darth malak', 64),
('darth malak', 65),
('darth malgus', 51),
('darth malgus', 64),
('darth malgus', 65),
('darth malgus', 76),
('darth maul', 51),
('darth maul', 64),
('darth nihilus', 51),
('darth nihilus', 64),
('darth revan', 39),
('darth revan', 51),
('darth revan', 64),
('darth revan', 65),
('darth sidious', 51),
('darth sidious', 64),
('darth sion', 64),
('darth talon', 64),
('darth traya', 51),
('darth traya', 64),
('darth vader', 36),
('darth vader', 51),
('darth vader', 64),
('darth vader', 76),
('dash rendar', 51),
('dash rendar', 53),
('dash rendar', 62),
('dash rendar', 66),
('dash rendar', 76),
('datcha', 48),
('datcha', 51),
('death trooper', 36),
('death trooper', 45),
('death trooper', 46),
('death trooper', 76),
('death trooper (peridea)', 45),
('death trooper (peridea)', 54),
('dengar', 33),
('dengar', 51),
('dengar', 53),
('depa billaba', 41),
('depa billaba', 49),
('depa billaba', 50),
('director krennic', 36),
('director krennic', 51),
('disguised clone trooper', 34),
('disguised clone trooper', 36),
('doctor aphra', 51),
('doctor aphra', 53),
('doctor aphra', 62),
('droideka', 35),
('droideka', 63),
('echo', 32),
('echo', 34),
('echo', 41),
('eeth koth', 41),
('eeth koth', 49),
('eeth koth', 50),
('eeth koth', 51),
('eighth brother', 36),
('eighth brother', 47),
('eighth brother', 51),
('eighth brother', 69),
('embo', 33),
('embo', 44),
('embo', 51),
('embo', 53),
('embo', 62),
('emperor palpatine', 36),
('emperor palpatine', 51),
('emperor palpatine', 64),
('emperor palpatine', 76),
('enfys nest', 57),
('enfys nest', 62),
('enfys nest', 66),
('ewok elder', 37),
('ewok scout', 37),
('ezra bridger', 49),
('ezra bridger', 56),
('ezra bridger', 58),
('ezra bridger', 76),
('ezra bridger (exile)', 49),
('ezra bridger (exile)', 67),
('fennec shand', 33),
('fennec shand', 51),
('fennec shand', 53),
('fennec shand', 62),
('fifth brother', 36),
('fifth brother', 47),
('fifth brother', 51),
('fifth brother', 69),
('fifth brother', 76),
('finn', 51),
('finn', 60),
('finn', 76),
('first order executioner', 38),
('first order officer', 38),
('first order officer', 76),
('first order sf tie pilot', 38),
('first order sf tie pilot', 76),
('first order stormtrooper', 38),
('first order stormtrooper', 76),
('first order tie pilot', 38),
('first order tie pilot', 76),
('gamorran guard', 44),
('gamorran guard', 62),
('gar saxon', 36),
('gar saxon', 51),
('gar saxon', 52),
('gar saxon', 76),
('garazeb \'zeb\' orrelios', 56),
('garazeb \'zeb\' orrelios', 58),
('garazeb \'zeb\' orrelios', 76),
('general grievous', 35),
('general grievous', 39),
('general grievous', 51),
('general grievous', 63),
('general hux', 38),
('general hux', 39),
('general hux', 51),
('general kenobi', 39),
('general kenobi', 41),
('general kenobi', 49),
('general kenobi', 51),
('general skywalker', 31),
('general skywalker', 41),
('general skywalker', 49),
('general skywalker', 51),
('general syndulla', 51),
('general syndulla', 67),
('general veers', 36),
('general veers', 46),
('general veers', 51),
('geonosian brood alpha', 42),
('geonosian brood alpha', 51),
('geonosian brood alpha', 63),
('geonosian soldier', 42),
('geonosian soldier', 63),
('geonosian soldier', 76),
('geonosian spy', 42),
('geonosian spy', 63),
('geonosian spy', 76),
('grand admiral thrawn', 36),
('grand admiral thrawn', 39),
('grand admiral thrawn', 51),
('grand inquisitor', 36),
('grand inquisitor', 47),
('grand inquisitor', 51),
('grand inquisitor', 69),
('grand inquisitor', 76),
('grand master yoda', 41),
('grand master yoda', 49),
('grand master yoda', 51),
('grand moff tarkin', 36),
('grand moff tarkin', 39),
('grand moff tarkin', 51),
('great mothers', 51),
('great mothers', 54),
('greedo', 33),
('greedo', 44),
('greedo', 51),
('greedo', 62),
('greef karga', 33),
('greef karga', 51),
('greef karga', 62),
('gungan boomadler', 43),
('gungan phalanx', 43),
('han solo', 53),
('han solo', 58),
('han solo', 62),
('han solo', 66),
('han solo', 76),
('hera syndulla', 51),
('hera syndulla', 56),
('hera syndulla', 58),
('hera syndulla', 76),
('hermit yoda', 49),
('hk-47', 35),
('hk-47', 51),
('hk-47', 65),
('hondo ohnaka', 53),
('hondo ohnaka', 57),
('hondo ohnaka', 62),
('hondo ohnaka', 66),
('hoth rebel scout', 58),
('hoth rebel scout', 59),
('hoth rebel soldier', 58),
('hoth rebel soldier', 59),
('hunter', 32),
('hunter', 34),
('hunter', 41),
('hunter', 51),
('hunter', 76),
('hunter (mercenary)', 32),
('hunter (mercenary)', 53),
('huyang', 35),
('huyang', 67),
('iden versio', 36),
('iden versio', 46),
('iden versio', 51),
('iden versio', 76),
('ig-100 magnaguard', 35),
('ig-100 magnaguard', 63),
('ig-11', 35),
('ig-11', 62),
('ig-12 & grogu', 52),
('ig-86 sentinel droid', 35),
('ig-88', 33),
('ig-88', 35),
('ig-88', 51),
('ig-88', 62),
('ima-dun di', 41),
('ima-dun di', 49),
('ima-dun di', 50),
('ima-dun di', 51),
('imperial probe droid', 35),
('imperial probe droid', 36),
('imperial super commando', 36),
('imperial super commando', 52),
('imperial super commando', 76),
('jabba the hutt', 33),
('jabba the hutt', 40),
('jabba the hutt', 44),
('jabba the hutt', 51),
('jabba the hutt', 66),
('jango fett', 33),
('jango fett', 51),
('jango fett', 52),
('jango fett', 53),
('jango fett', 62),
('jango fett', 63),
('jar jar binks', 43),
('jawa', 48),
('jawa enginner', 48),
('jawa scavenger', 48),
('jedi consular', 41),
('jedi consular', 49),
('jedi consular', 50),
('jedi consular', 76),
('jedi knight anakin', 41),
('jedi knight anakin', 49),
('jedi knight anakin', 51),
('jedi knight anakin', 76),
('jedi knight cal kestis', 49),
('jedi knight cal kestis', 51),
('jedi knight cal kestis', 53),
('jedi knight guardian', 41),
('jedi knight guardian', 49),
('jedi knight guardian', 50),
('jedi knight luke skywalker', 49),
('jedi knight luke skywalker', 51),
('jedi knight revan', 49),
('jedi knight revan', 51),
('jedi knight revan', 55),
('jedi master kenobi', 40),
('jedi master kenobi', 41),
('jedi master kenobi', 49),
('jedi master kenobi', 51),
('jedi master luke skywalker', 40),
('jedi master luke skywalker', 49),
('jedi master luke skywalker', 51),
('jedi master mace windu', 41),
('jedi master mace windu', 49),
('jedi master mace windu', 50),
('jedi master mace windu', 51),
('jocasta nu', 41),
('jocasta nu', 49),
('jocasta nu', 50),
('jolee bindo', 49),
('jolee bindo', 55),
('juhani', 49),
('juhani', 55),
('jyn erso', 51),
('jyn erso', 58),
('jyn erso', 59),
('jyn erso', 61),
('jyn erso', 76),
('k-2so', 35),
('k-2so', 58),
('k-2so', 59),
('k-2so', 61),
('k-2so', 76),
('kanan jarrus', 49),
('kanan jarrus', 56),
('kanan jarrus', 58),
('kanan jarrus', 76),
('kelleran beq', 41),
('kelleran beq', 49),
('kelleran beq', 50),
('kelleran beq', 51),
('ki-adi-mundi', 41),
('ki-adi-mundi', 49),
('kit fisto', 41),
('kit fisto', 49),
('kit fisto', 50),
('kit fisto', 51),
('kix', 34),
('kix', 57),
('kix', 62),
('krrsantan', 33),
('krrsantan', 44),
('krrsantan', 51),
('krrsantan', 53),
('krrsantan', 62),
('krrsantan', 70),
('kuill', 62),
('kyle katarn', 49),
('kyle katarn', 53),
('kyle katarn', 58),
('kyle katarn', 59),
('kyle katarn', 76),
('kylo ren', 38),
('kylo ren', 69),
('kylo ren', 76),
('kylo ren (unmasked)', 38),
('kylo ren (unmasked)', 51),
('kylo ren (unmasked)', 69),
('kylo ren (unmasked)', 76),
('l3-37', 35),
('l3-37', 53),
('l3-37', 62),
('l3-37', 66),
('l3-37', 76),
('lando calrissian', 51),
('lando calrissian', 58),
('lando calrissian', 59),
('lando calrissian', 62),
('leia organa', 40),
('leia organa', 51),
('leia organa', 58),
('lobot', 51),
('lobot', 58),
('logray', 37),
('lord vader', 36),
('lord vader', 40),
('lord vader', 51),
('lord vader', 64),
('luke skywalker (farmboy)', 51),
('luke skywalker (farmboy)', 58),
('luminara unduli', 41),
('luminara unduli', 49),
('luminara unduli', 50),
('luminara unduli', 51),
('luthen rael', 58),
('luthen rael', 59),
('mace windu', 39),
('mace windu', 41),
('mace windu', 49),
('mace windu', 51),
('magmatrooper', 36),
('magmatrooper', 46),
('mara jade, the emperor\'s hand', 36),
('mara jade, the emperor\'s hand', 69),
('marrok', 47),
('marrok', 53),
('marrok', 69),
('master qui-gon', 41),
('master qui-gon', 49),
('maul', 51),
('maul', 52),
('maul', 69),
('maul', 76),
('maz kanata', 51),
('maz kanata', 57),
('maz kanata', 66),
('maz kanata', 69),
('merrin', 54),
('mission vao', 53),
('mission vao', 55),
('mission vao', 66),
('mob enforcer', 44),
('mob enforcer', 62),
('moff gideon', 36),
('moff gideon', 45),
('moff gideon', 46),
('moff gideon', 51),
('mon mothma', 51),
('mon mothma', 58),
('morgan elsbeth', 54),
('mother talzin', 51),
('mother talzin', 54),
('night trooper', 45),
('night trooper', 54),
('nightsister acolyte', 54),
('nightsister initiate', 54),
('nightsister spirit', 54),
('nightsister zombie', 54),
('ninth sister', 36),
('ninth sister', 47),
('ninth sister', 51),
('ninth sister', 69),
('nute gunray', 51),
('nute gunray', 62),
('nute gunray', 63),
('obi-wan kenobi (old ben)', 49),
('obi-wan kenobi (old ben)', 51),
('obi-wan kenobi (old ben)', 58),
('old daka', 51),
('old daka', 54),
('omega', 32),
('omega', 34),
('omega (fugitive)', 32),
('omega (fugitive)', 51),
('padawan obi-wan', 41),
('padawan obi-wan', 49),
('padawan sabine wren', 52),
('padawan sabine wren', 67),
('padawan sabine wren', 69),
('padmé amidala', 41),
('padmé amidala', 51),
('pao', 58),
('pao', 59),
('pao', 61),
('paploo', 37),
('paz vizsla', 52),
('pirate king hondo ohnaka', 40),
('pirate king hondo ohnaka', 51),
('pirate king hondo ohnaka', 57),
('pirate king hondo ohnaka', 62),
('pirate king hondo ohnaka', 66),
('plo koon', 41),
('plo koon', 49),
('plo koon', 50),
('plo koon', 51),
('plo koon', 76),
('poe dameron', 51),
('poe dameron', 60),
('poe dameron', 76),
('poggle the lesser', 42),
('poggle the lesser', 51),
('poggle the lesser', 63),
('princess kneesaa', 37),
('princess leia', 51),
('princess leia', 58),
('qi\'ra', 51),
('qi\'ra', 53),
('qi\'ra', 62),
('qi\'ra', 66),
('queen amidala', 41),
('queen amidala', 51),
('qui-gon jinn', 41),
('qui-gon jinn', 49),
('qui-gon jinn', 50),
('qui-gon jinn', 51),
('quiggold', 57),
('quiggold', 62),
('r2-d2', 35),
('r2-d2', 41),
('r2-d2', 58),
('r2-d2', 60),
('range trooper', 36),
('range trooper', 46),
('rc-1262 \'scorch\'', 34),
('rc-1262 \'scorch\'', 36),
('rebel officer leia organa', 51),
('rebel officer leia organa', 58),
('resistance hero finn', 60),
('resistance hero poe', 60),
('resistance pilot', 60),
('resistance pilot', 76),
('resistance trooper', 60),
('resistance trooper', 76),
('rey', 40),
('rey', 51),
('rey', 60),
('rey', 69),
('rey (dark side vision)', 38),
('rey (dark side vision)', 64),
('rey (jedi training)', 51),
('rey (jedi training)', 60),
('rey (jedi training)', 69),
('rey (scavenger)', 60),
('rey (scavenger)', 69),
('rey (scavenger)', 76),
('rose tico', 60),
('rose tico', 76),
('royal guard', 36),
('royal guard', 76),
('sabine wren', 52),
('sabine wren', 56),
('sabine wren', 58),
('sabine wren', 76),
('sana starros', 51),
('sana starros', 53),
('sana starros', 57),
('sana starros', 62),
('savage oppress', 51),
('savage oppress', 64),
('saw gerrera', 51),
('saw gerrera', 58),
('saw gerrera', 59),
('scarif rebel pathfinder', 58),
('scarif rebel pathfinder', 59),
('scarif rebel pathfinder', 61),
('scarif rebel pathfinder', 76),
('scout trooper', 36),
('scout trooper', 45),
('scout trooper', 46),
('second sister', 36),
('second sister', 47),
('second sister', 51),
('second sister', 69),
('second sister', 76),
('seventh sister', 36),
('seventh sister', 47),
('seventh sister', 51),
('seventh sister', 69),
('shaak ti', 41),
('shaak ti', 49),
('shaak ti', 50),
('shaak ti', 51),
('shin hati', 53),
('shin hati', 69),
('shoretrooper', 36),
('shoretrooper', 46),
('shoretrooper', 76),
('sith assassin', 64),
('sith assassin', 65),
('sith assassin', 76),
('sith empire trooper', 64),
('sith empire trooper', 65),
('sith empire trooper', 76),
('sith eternal emperor', 40),
('sith eternal emperor', 51),
('sith eternal emperor', 64),
('sith marauder', 64),
('sith marauder', 65),
('sith marauder', 76),
('sith trooper', 38),
('sith trooper', 64),
('sith trooper', 76),
('skiff guard (lando calrissian)', 44),
('skiff guard (lando calrissian)', 62),
('skiff guard (lando calrissian)', 66),
('sm-33', 35),
('sm-33', 57),
('sm-33', 62),
('snowtrooper', 36),
('snowtrooper', 46),
('stap', 35),
('stap', 63),
('starkiller', 69),
('stormtrooper', 36),
('stormtrooper', 45),
('stormtrooper', 46),
('stormtrooper han', 51),
('stormtrooper han', 58),
('stormtrooper han', 62),
('sun fac', 42),
('sun fac', 63),
('sun fac', 76),
('supreme leader kylo ren', 38),
('supreme leader kylo ren', 40),
('supreme leader kylo ren', 51),
('supreme leader kylo ren', 69),
('t3-m4', 35),
('t3-m4', 55),
('t3-m4', 76),
('talia', 51),
('talia', 54),
('tarfful', 51),
('tarfful', 70),
('taron malicos', 69),
('tech', 32),
('tech', 34),
('tech', 41),
('tech', 76),
('teebo', 37),
('teebo', 51),
('temple guard', 41),
('temple guard', 49),
('temple guard', 50),
('test', 45),
('the armorer', 51),
('the armorer', 52),
('the mandalorian', 33),
('the mandalorian', 51),
('the mandalorian', 52),
('the mandalorian', 62),
('the mandalorian (beskar armor)', 51),
('the mandalorian (beskar armor)', 52),
('the mandalorian (beskar armor)', 62),
('the mandalorian (beskar armor)', 76),
('the stranger', 51),
('the stranger', 64),
('third sister', 36),
('third sister', 47),
('third sister', 51),
('third sister', 69),
('threepio & chewie', 35),
('threepio & chewie', 58),
('threepio & chewie', 70),
('tie pilot fighter', 36),
('tie pilot fighter', 45),
('tie pilot fighter', 76),
('tusken chieftain', 51),
('tusken chieftain', 68),
('tusken raider', 68),
('tusken shaman', 68),
('tusken warrior', 68),
('urorrur\'r\'r\'r', 68),
('vandor chewbacca', 53),
('vandor chewbacca', 62),
('vandor chewbacca', 66),
('vandor chewbacca', 70),
('vane', 57),
('vane', 62),
('veteran smuggler chewbacca', 60),
('veteran smuggler chewbacca', 62),
('veteran smuggler chewbacca', 70),
('veteran smuggler han solo', 53),
('veteran smuggler han solo', 60),
('veteran smuggler han solo', 66),
('visas marr', 69),
('wat tambor', 63),
('wedge antilles', 51),
('wedge antilles', 58),
('wedge antilles', 59),
('wedge antilles', 76),
('wicket', 37),
('wicket', 51),
('wrecker', 32),
('wrecker', 34),
('wrecker', 41),
('wrecker', 76),
('wrecker (mercenary)', 32),
('wrecker (mercenary)', 53),
('young han solo', 53),
('young han solo', 62),
('young han solo', 66),
('young lando calrissian', 53),
('young lando calrissian', 62),
('young lando calrissian', 66),
('young lando calrissian', 76),
('zaalbar', 53),
('zaalbar', 55),
('zaalbar', 62),
('zaalbar', 70),
('zam wesell', 33),
('zam wesell', 51),
('zam wesell', 53),
('zam wesell', 62),
('zorii bliss', 60),
('zorii bliss', 62),
('zorii bliss', 66),
('zorii bliss', 76);
COMMIT;

/*!40101 SET CHARACTER_SET_CLIENT=@OLD_CHARACTER_SET_CLIENT */;
/*!40101 SET CHARACTER_SET_RESULTS=@OLD_CHARACTER_SET_RESULTS */;
/*!40101 SET COLLATION_CONNECTION=@OLD_COLLATION_CONNECTION */;
